Id,Title,Body
1,post title 1,post body
2,post title 2,post body
3,post title 3,post body
4,post title 4,post body
5,post title 5,post body
6,post title 6,post body
7,post title 7,post body
8,post title 8,post body
9,post title 9,post body
10,post title 10,post body
11,post title 11,post body
12,post title 12,post body
13,post title 13,post body
14,post title 14,post body
15,post title 15,post body
16,post title 16,post body
17,post title 17,post body
18,post title 18,post body
19,post title 19,post body
20,post title 20,post body
21,post title 21,post body
22,post title 22,post body
23,post title 23,post body
24,post title 24,post body
25,post title 25,post body
