Id,Boolean field,Name,Text field,Here we go,Created at
1,Yes,name field value,text field value,string field value,"Mon, 29 Sep 2014 12:07:45 +0000"
2,No,name field value,text field value,string field value,"Mon, 29 Sep 2014 12:07:45 +0000"
3,Yes,name field value,text field value,string field value,"Mon, 29 Sep 2014 12:07:45 +0000"
4,No,name field value,text field value,string field value,"Mon, 29 Sep 2014 12:07:45 +0000"
5,Yes,name field value,text field value,string field value,"Mon, 29 Sep 2014 12:07:45 +0000"
6,No,name field value,text field value,string field value,"Mon, 29 Sep 2014 12:07:45 +0000"
7,Yes,name field value,text field value,string field value,"Mon, 29 Sep 2014 12:07:45 +0000"
8,No,name field value,text field value,string field value,"Mon, 29 Sep 2014 12:07:45 +0000"
9,Yes,name field value,text field value,string field value,"Mon, 29 Sep 2014 12:07:45 +0000"
10,No,name field value,text field value,string field value,"Mon, 29 Sep 2014 12:07:45 +0000"
11,Yes,name field value,text field value,string field value,"Mon, 29 Sep 2014 12:07:45 +0000"
12,No,name field value,text field value,string field value,"Mon, 29 Sep 2014 12:07:45 +0000"
13,Yes,name field value,text field value,string field value,"Mon, 29 Sep 2014 12:07:45 +0000"
14,No,name field value,text field value,string field value,"Mon, 29 Sep 2014 12:07:45 +0000"
15,Yes,name field value,text field value,string field value,"Mon, 29 Sep 2014 12:07:45 +0000"
16,No,name field value,text field value,string field value,"Mon, 29 Sep 2014 12:07:45 +0000"
17,Yes,name field value,text field value,string field value,"Mon, 29 Sep 2014 12:07:45 +0000"
18,No,name field value,text field value,string field value,"Mon, 29 Sep 2014 12:07:45 +0000"
19,Yes,name field value,text field value,string field value,"Mon, 29 Sep 2014 12:07:45 +0000"
20,No,name field value,text field value,string field value,"Mon, 29 Sep 2014 12:07:45 +0000"
21,Yes,name field value,text field value,string field value,"Mon, 29 Sep 2014 12:07:45 +0000"
22,No,name field value,text field value,string field value,"Mon, 29 Sep 2014 12:07:45 +0000"
23,Yes,name field value,text field value,string field value,"Mon, 29 Sep 2014 12:07:45 +0000"
24,No,name field value,text field value,string field value,"Mon, 29 Sep 2014 12:07:45 +0000"
25,Yes,name field value,text field value,string field value,"Mon, 29 Sep 2014 12:07:45 +0000"
